http://www.babylab.com.au/;UWSE;Australia
http://www.home.exetel.com.au/;Idol Eyes Australia;Australia
http://andthelittleonesaid.com.au/;AND THE LITTLE ONE SAID;Australia
http://www.isleofcharlie.com.au/;ISLE OF CHARLIED;Australia
http://www.copelandpublishing.com.au/;CHILD magazines (Copeland Publishing Pty. Ltd.);Australia
http://www.mummabubbajewellery.com.au/;MUMMA BUBBA TEETHING JEWELLER;Australia
http://www.wooddesign.at/;Wood Design  Charles trot;Austria
http://www.fertilityeast.com.au/;Fertility East;Australia
http://www.kreativstube.com/;Kreativstube Annaberg;Austria
http://www.niki-hecht.at/;Niki Hecht;Austria
http://www.pipilonia.at/;Pipilonias creative world Sindra Schwam .;Austria
http://www.berger-regina.at/;BERGER Regina Nahstube;Austria
http://www.labavette.be/;LABAVETTE - AUDREY TATON;Belgium
http://www.dayabrasil.com.br/;DAYA / NEW KIN;Brazil
http://www.thematernityhouse.ca/;The Maternity House;Canada
http://www.naturesbabybasket.com/;Nature's Baby Basket,;Canada
http://www.innovationengraving.com/;Innovation Laser Engraving;Canada
http://www.idreamdesigns.ca/;IDREAM DESIGNS;Canada
http://www.oemibaby.com/;OEMI BABY INC.;Canada
http://www.stroller-boutique.com;Stroller Boutique,;Canada
http://www.weebeeprecious.ca/;WEEBEE PRECIOUS;Canada
http://www.thespec.com/;The Hamilton Spectator;Canada
http://www.gianttiger.com/;Giant Tiger Stores Ltd.;Canada
http://www.jenadams.scentsy.ca;Scentsy;Canada
http://www.light-scape.ca/;LightScape Photography;Canada
http://www.costco.ca;Costco Wholesale;Canada
http://www.amazearts.com/;AmazeArts,;Canada
http://www.bestshooz4kidz.ca/;Best Shooz 4 Kidz;Canada
http://www.begift.com/;BEGIFT;Canada
http://www.eevoudig.etsy.com/;Eenvoudig - Simply Unique;Canada
http://chuangfatoys.en.alibaba.com;Chuangfa Plastic Toys Co., Ltd.;China
http://www.cnpromotion.com.cn/;Taizhou Flourish Leisure Co., Ltd.;China
http://www.famous-optical.com;Famous Optical Xiamen Co., Ltd.;China
http://www.bxbaby.cc;Ningbo Beierxin Baby Accessories Co Ltd;China
http://www.shaidee.com/;SHAIDEE SUN GEAR вЂ“ JNK SOLUTIONS INC.;Canada
http://www.vigatoys.com;Ningbo Viga International Co., Ltd.;China
http://www.evermaxglobal.com/;Evermax Global Resource Co.,Ltd.;China
http://www.baoditoys.com/;Ningbo Baodi Toys Technology Co., Ltd.;China
http://www.cntool.zj17.host.35.com/;Taizhou Bowei Kids Products Co.,ltd.;China
http://www.baobaole.en.alibaba.com/;Jiaxing baole children's toys Co.,Ltd.;China
http://www.guangfarubber.com;Dongguan Guangfa Rubber Products Company Limited;China
http://www.vandee.cn;Jiangsu Vandee Artsandcrafts Co Ltd;China
http://www.bebekindom.com;Ningbo Feeme Childcare Products Co., Ltd;China
http://www.dglk.cn/;Dongguan Le Kang Industrial Co., Ltd.  ;China
http://www.jweva.com/;Nantong Jiawei Plastic Co., Ltd.;China
http://clorox.manufacturer.globalsources.com/;Clorox Baby Products Co.,Ltd.;China
http://littletiger.gmc.globalmarket.com/;JIAXING LITTLE TIGER TRICYCLE CO.,Ltd.;China
http://www.smart-strollers.com/;Ningbo Smart Sports Goods Co.,Ltd.;China
http://www.renluc.cn;QINGDAO RENLUC FURNITURE CO.,LTD.;China
http://www.banqiuwanju.com/;Handan Banqiu Toy Manufacturing Co. Ltd.;China
http://www.histarpencil.com/;Histar pencil Co.,Ltd.;China
http://www.ho-hoball.com;Dongguan City Jiaheng Toys Co., Ltd.;China
http://cn.anjiedatoys.com/;AnJieDa Toys;China
http://cn.ausini.com/;Guangdong Ausini Toys Industry Co.,Ltd.;China
http://en.lebei.com/;Lebei Toys Factory;China
http://www.vigatoys.com/;Ningbo Viga International Co.,Ltd.;China
http://www.tiandutoys.com/;Tiandu Toys Factory;China
http://en.haijilun.com/;Zhongshan Haijilun Cultural Education Product Co, LTd.;China
http://www.jbltoys.toysbaba.com/;Shantou JiaBaiLe Toys Factory ;China
http://www.cxxiangshuo.en.alibaba.com/;Ningbo Xiangshuo Children Product Co., Ltd.;China
http://www.boningya.en.alibaba.com/;Taizhou Boningya Leisure Products Co., Ltd.;China
http://www.en.beimens.com/;Suzhou Beimens Child Product Co., Ltd.;China
http://www.dunshin.com/;Shenzhen Dunshin Mold Products Co.,Ltd;China
http://jiajia.gmc.globalmarket.com/;Zhejiang Jiajia ChildrenвЂs Car Co., Ltd.;China
http://en.baobaocn.com/;Baobao Children Appliance Co., Ltd.;China
http://www.bobie-baby.com/;Zhongshan City Bobie Co., Ltd;China
http://www.heiwei.com/;Kunshan Heiwei Light Industrial Products Co., Ltd.;China
http://www.kimbaby.cn/;Taizhou Kimbaby Infant Child Articles Manufacture Co., Ltd.  ;China
http://www.nbsanye.en.alibaba.com/;Ningbo Sanye Bicycle Co., Ltd.;China
http://www.weccantoys.com;Weccan Industrial Limited;China
http://www.family-baby.com/;NINGBO FAMILY BABY PRODUCTS CO.,LTD;China
http://www.haibaotoys.en.alibaba.com/;Shantou Chenghai Goodway Toys Factory ;China
http://www.hf-highsun.en.alibaba.com/;High-Sun International Trading Co.,Ltd.;China
http://www.haoerxi.en.alibaba.com/;Haoerxi Vehicle Co.,Ltd.;China
http://www.fengsu.gmc.globalmarket.com;Pinghu Fengsu Childrens Vehicles Co., Ltd;China
http://www.cxhobby.com;Guangdong Cheerson Hobby Technology Company Limited;China
http://www.yonghuatoys.com;Pinghu Yonghua Baby Articles Company Limited;China
http://www.chinadongxintoys.com/;Da Feng Int'l Holdings Ltd.;China
http://www.gzboda.com;Polybell Guangzhou Limited;China
http://www.oleio.cn/;Yongkang Oleio Leisure products factory ;China
http://www.sevenstar.en.alibaba.com/;Yongkang Seven Star Toy Factory ;China
http://www.sunbody.en.alibaba.com/;Yongkang Sunbody Sports&Equipment Co.,Ltd.;China
http://www.shenma.en.alibaba.com/;Ningbo Shenma children's Products Co., Ltd.;China
http://xintest.gmc.globalmarket.com/;Dongguan Xintai Baby Product Co., Ltd.;China
http://www.hongshengscooter.com/;Zhejiang Hongsheng Manufacturing Co.,Ltd.;China
http://tieniubike.en.alibaba.com/;Hebei Baofeng Bicycle Industry Co., Ltd.;China
http://modat.gmc.globalmarket.com/;Zhangjiagang Modat Co., Ltd.;China
http://babyfutten.dk/;Babyfutten.dk;Denmark
http://www.sitbag.dk/;SitBag;Denmark
http://www.hurlumleg.dk/;Hurlumleg;Denmark
http://www.mumswish.dk/;Mum's Wish;Denmark
http://www.fannybelette.fr/;FANNY BELETTE;France
http://www.babeandtess.com/;BABE&TESS;France
http://www.italktoomuch.fr/;I TALK TOO MUCH;France
http://www.archimede.be/;ArchimГЁde Beachwear;Germany
http://www.zoolaloo.com/;Zoolaloo;Germany
http://marotoys.de/;Marotoys HK Ltd.;Germany
http://www.2be3.com.pl;2be3 Monika;Germany
http://www.haohanhk.com;Haohan Industrial Hk Development Limited;HongKong
http://www.canhuitoys.com;Cantec International Trading Limited;HongKong
http://www.promoideasltd.com/;Promo Ideas Ltd.;HongKong
http://www.bunfunworld.com;Parkfield Industries Limited;HongKong
http://www.happysources.com/;Ideal Toys Industrial & Trading Co., Ltd.;HongKong
http://www.my-leisure.com;M Y Leisure Limited;HongKong
http://www.dh-toys.com;Hong Kong Double Horse Toys Industry Company Limited;HongKong
http://www.mepower.com;Me Power Mouldanddie Technology Factory;HongKong
http://www.feilongtoys.com.cn/;Feilong Plastic Industry (HK) Ltd.;HongKong
http://www.joyfortress.com;Hongkong Joy Fortress Co., Limited;HongKong
http://www.innovativetoys.com.cn;Innovative Group Limited;HongKong
http://www.tiger-enterprise.com/;Tiger Enterprise Corporation;HongKong
http://www.oscartoys.com.hk;Oscar Toys Manufactory Limited;HongKong
http://www.globohk.com;Globo Industrial H.K. Limited;HongKong
http://www.chinadongxintoys.com;Dongxin Group Hong Kong Company Limited;HongKong
http://www.kordparty.com;Kord Party Favour Manufactory Limited;HongKong
http://www.fantasyhobbytoys.com;Fantasy Hobby Toys Hk Limited;HongKong
http://www.topfair-ind.com.hk/;Topfair Industry & Trading Ltd.;HongKong
http://www.best-q.net/;Ningbo Jiangdong Runcheer International Trade Co., Ltd.;HongKong
http://www.sporttoy.wixsite.com;E.Z. Toy Company;HongKong
http://www.icw.io;International Compliance Workshop Limited;HongKong
http://www.stompeecycle.com/;Stompee Cycle Limited;HongKong
http://www.vardhamaniqtoys.co.in/;Vardhaman I.Q. Toys Pvt. Ltd.;India
http://www.virgo.diytrade.com/;A.P.Products (Virgo);India
http://www.maxtoys.com/;Maxtoys (Invent Media);India
http://www.sterlingpublishers.com/;Sterling Publishers Pvt. Ltd.;India
http://www.toysbox.co/;Toysbox;India
http://www.corelle.com/;Corelle;Indonesia
http://www.nessarobinson.com/;Nessarobinson;Ireland
http://www.harmonyyogaireland.com/;Harmonyyoga ireland;Ireland
http://www.babynames.com;DIARA;Japan
http://www.eyeqsa.co.za;Arctic Healthcare;SouthAfrica
http://www.hedgehoglane.co.za;Hedgehog Lane;SouthAfrica
http://momandbab.wix.com/;MOM AND BAB South Africa';SouthAfrica
http://wolfwolfkids.wix.com/;Wolf Wolf;SouthAfrica
http://www.dreamfurniture.com;Dream furniture;SouthAfrica
http://bwcpayitforward.wix.com/;Kiddies Craft Club;SouthAfrica
http://www.trolleybaby.com/;Muma Mia;SouthAfrica
http://lukaslinen.com/;Luka's Linen;SouthAfrica
http://www.uniqueimpressions.wozaonline.co.za/;Casting Memories;SouthAfrica
http://www.layetteessentials.co.za/;LAYETTE ESSENTIALS PTY LTD;SouthAfrica
http://maybemom.co.za;MaybeMOM's;SouthAfrica
http://www.babyblossomshop.com;Baby BLOSSOMS;SouthAfrica
http://companylist.co.za/;My Imagination Fishing Tackle;SouthAfrica
http://www.gotit.com.cn/;Got It Industrial Corp.;Taiwan
http://www.mentari.com.tw;Mentari Massen International Co Ltd;Taiwan
http://www.ed.co.kr/;ED Co Ltd;SouthKorea
http://clayjarpeople.co.za;Kiddy-Calm;SouthAfrica
http://www.oceantoys.co.th;Ocean Toys;Thailand
http://www.taffybaby.com;T.F Taffy Baby;Turkey
http://www.birlikceyiz.com/;Birlik Ceyiz Tekstil Urunleri Ve Sarrafiye San. Ve Tic.Ltd.Sti.;Turkey
http://www.baboonikids.com;Babooni Kids;Turkey
http://www.gracoturkey.com;Graco;Turkey
http://www.dukaddo.com;Dukaddo;Turkey
http://www.jiahua.en.alibaba.com;Hope Baby;Turkey
http://www.bluelandkids.com;Blueland;Turkey
http://www.admt.co.uk/;Anglo Dutch Model Trucks;UK
http://www.myyfeed.com/;Myyfeed;UK
http://manseltonmodels.co.uk/;Swansea Model Centre;UK
http://www.flyinggadgets.com/;Flying Gadgets;UK
http://www.pregnancypillows.net/;PregnancyPillows.net;UK
http://dmbmodels.co.uk/;DMB Models;UK
http://www.mamasandpapas.com/;MAMAS & PAPAS;UK
http://www.juliemanfordphotography.co.uk/;Julie Manford Photography;UK
http://www.thebookpeople.co.uk/;The Book People;UK
http://www.robmankphotography.co.uk/;Rob Mank Photography;UK
http://www.naturalbabyandme.com/;Natural Baby and Me;UK
http://www.freidapantry.com/;FreidaвЂ™s Pantry;UK
http://www.casachicos.com;Casa Chicos (H.K.) Ltd.;UK
http://www.mabyland.com/;MaByLand;UK
http://www.ttcdiecast.com/;TTCDiecast;UK
http://www.naturals.in/;Naturals;India
http://www.lulasapphire.com/;Lula Sapphire;UK
http://www.mcmtoys.com;McManemin Companies;USA
http://www.metrokidsla.com/;Metropolitan Kids;USA
http://www.primetimetoys.com;Prime Time Toys, LLC;USA
http://www.maxi-cosi.com/;maxi-cosi;USA
http://americordblood.com/;Americord blood;USA
http://www.sonnefamilydental.com;Dr. Sonne;USA
http://www.tsshure.com/;T.S. Shure;USA
http://www.dunecraft.com/;DuneCraft;USA
http://www.bodegainternational.com/;Bodega International;USA
http://www.amybenton.net/;Amy & Benton Industrial Co., Ltd;HongKong
http://scentsy.com/;Scentsy;USA
http://www.connietuman.myrandf.com/;Rodan and Fields;USA
http://www.mommysdreamteam.com/;MommyвЂ™s Dream Team;USA
http://www.norwex.biz/;Norwex;USA
http://www.santosha.com/;Santosha;USA
http://cc-mays.myshopify.com/;CC & Mays ChildrenвЂ™s Boutique;USA
http://peacefullyborn-com.webs.com/;Peacefully Born Traditional Midwifery;USA
http://www.zenmoments.life/;Zen Moments LLC;USA
http://www.hatchedshowroom.com/;Hatched;USA
https://www.budgetblinds.ca/;BUDGET BLINDS & INSPIRED DRAPES;USA
http://www.actiongroupsales.com;Action Group Sales;USA
http://allisonshowroom.com/;Allison Showroom;USA
http://paperdollstyle.wix.com/;Paperdoll Style;USA
http://catalog.pressmantoy.com/;Pressman Toy Corporation;USA
http://www.crownjewlz.com;CrownJewlz;USA
http://bluemoonmidwifery.wordpress.com/;Blue Moon Midwifery;USA
https://www.gerber.com;Gerber, Inc.;USA
http://www.gxtoys.com;Guangxing Toys Factory;
http://www.heyixintrading.en.alibaba.com;Shantou Heyixin Trading Co. Ltd.;
http://www.folandgroup.com;Charm Company;USA
http://www.honeyway.net;Qingdao Honeyway Artwork Co. Ltd.;
http://www.pztoys.en.alibaba.com;Pei Zhi Toys Factory;
http://www.huisheng888.com.cn;Huisheng (Xiamen) Sports Equipment Co. Ltd.;
http://www.goldfongtoys.com;Jinjiang Gold Fong Toys Co. Ltd.;
http://www.abctoys.com.cn;LK Trading Co. Ltd.;
http://www.zy-plastic.com.cn;Cixi Yuchi Arts & Crafts Co. Ltd.;
http://afairaffairaz.com/;A fair affair;Azerbaijan
http://bastelgramm.at/;Grams KG;Austria
http://boamhappytobeme.fr/;BOAM;France
http://constalexgroup.eu;Alex-Group EU;Germany
http://dashing.com/;Dashing Ornament&Giftware Co., Ltd.;HongKong
http://dongguan-fanrefond.en.ywsp.com/;Dongguan Fanrefond Toys Co.,Ltd;China
http://en.beijingite.com/;Hebei Shi Jia children's Toys Co. Ltd.;China
http://en.jollytc.com/;Taicang New Jolly Baby Products Co., Ltd.;China
http://en.newtigertoy.com;Weihai Tiger Toys Co., Ltd;China
http://generationsplaymo.forumsfree.org/;GENERATION PLAYMO;France
http://globalameurop.empresas.com/;GLOBAL AMEUROP SL;USA
http://icutecatalog.com/;iCute International Limited;HongKong
http://iriscn.cn/;Iris International Marketing Co. Ltd.;China
http://jimeitang.com/;Dongyang Jimeitang Arts & Crafts Co., Ltd.;HongKong
http://kidsme.co.za/;Kidsme,;SouthAfrica
http://lespetitesnoubas.com/;LES PETITES NOUBAS;France
http://letsglowspraytan.com/;Let's Glow;SouthAfrica
http://lulubeddingdesign.com/;lulu BEDDING & DESIGN;Canada
http://n.pinterest.com;;SouthAfrica
http://ningbof.buy.opencroquet.com/;Ningbo (F.T.Z.) Dac Arts & Crafts Company Ltd.;HongKong
http://perrypuzzles.com/;Perry Puzzles;USA
http://plp.e-catclients.co.uk/;Photography for Little People;UK
http://quirkyco.com.au/;QUIRKY BUBBAL;Australia
http://redcastle.in/;Red Castle;India
http://sagemama.org/;Sage Mama Studio;USA
http://smartzone.852.co/;Smart Zone (HK) Limited;HongKong
http://tiandacycle.company.weiku.com/;Xingtai Tianda Cycle Co.,Ltd.;China
http://oneworlddolls.com/;The One World Doll Project, Inc.;USA
http://twincitiesdoulaproject.com/;Twin Cities Doula Project;USA
http://warehouses.costco.co.uk/;Costco Wholesale;UK
http://westcalgarychiropractic.com/;GrassRoots Chiropractic;USA
http://www.18tire.com/;Hebei Chaowang Bicycle Component Factory;China
http://www.5sidesdesigns.com/;5 Side's Design's Inc.,;Canada
http://www.7kyds.com/;7KYDS;France
http://www.acitoy.com;All Courtesy International Limited;HongKong
http://www.acrciciko.com;Acr Was Tic.Paz.Ltd.S Durable Goods.;Turkey
http://www.addcorp.co.kr/;Add Corporation;SouthKorea
http://www.afrochinobabay.com;Afro Chino Baby;SouthAfrica
http://www.aisababy.com.tr;Aisa Baby;Turkey
http://www.aiyingle.com/;Shanghai Aiyingle Industrial Co.,Ltd;China
http://www.akmtekstil.com/;A.K.M TEKSTIL KONFEKSIYON SAN. TIC. LTD. STi;Russia
http://www.alameenkids.com;Alameen Tekstil;Turkey
http://www.albis-mazur-sp-z-o-o.likerate.pl;Albis Mazur Sp. z;Germany
http://www.alevanaturals.com/;Aleva Naturals;China
http://www.aljouhargroup.com/;Hatim Al Jouhar;UAE
http://www.amazingkids.co.za/;AMAZING KIDS;SouthAfrica
http://www.aojiesports.com/;Ao Jie Plastic Toys Factory Ltd.;HongKong
https://www.apple-one-toys.com;Carven Global Co. Limited;
http://www.arasbisiklet.com.tr;Aras Bisiklet;Turkey
http://www.arctichealthcare.co.za/;Arctic Healthcare;SouthAfrica
http://www.artbee.eu;Artbee International GmbH i.G.;Germany
http://www.artec.co.jp/;ArTec Co., Ltd.;Japan
http://www.arthouse-ks.com/;Art House Co., Ltd;Germany
http://www.artrageousdesserts.com/;Artrageous Desserts;USA
http://www.atelierpoeschl.at/;Atelier Sigrid POschl;Austria
http://www.attapack.com.hk/;Atta Pack Co., Ltd.;China
http://www.aussiefarmersdirect.com.au/;AUSSIE FARMERS DIRECTF37;Australia
http://www.baby-case.com/;Baby Case;UK
http://www.baby-italia.it;Baby Italia S.r.l.;Germany
http://www.babyandchildboutique.com.au/;BABY & CHILD BOUTIQUEB36;Australia
http://www.babyblanket.co.za;Exclusive Baby Blankets;SouthAfrica
http://www.babybuzniz.co.za/;Baby Buzniz;SouthAfrica
http://www.babyfaceonline.co.za/;AMEDA;SouthAfrica
http://www.babylala.co.za;Innovative Designs;SouthAfrica
http://www.babyluxe.cn/;Zhongshan Babyluxe Baby Products co.,ltd.;China
http://www.babyography.ca/;Portraits of She,;Canada
http://www.babypearls.co.za/;Baby Blossoms;SouthAfrica
http://www.babyshowercreations.co.uk/;Baby Shower Creations;UK
http://www.babywishlist.co.za;Baby Wishlist SA;SouthAfrica
http://www.backladen.at/;Back loading;Austria
http://www.baddguyryry.com/;Babies by Baddguy;USA
http://www.barneshop.dk/;Baby Shop;Denmark
http://www.bc-int-production.com/;Belle Cuisine International Limited;China
http://www.bcsoyuncak.com.tr;Bcs Oyuncak Ltd.Sti;Turkey
http://www.bedheadbaby.com.au/;Bedhead Hats;Australia
http://www.beianchildren.com/;Jiangsu BeiAn Children's Products Co.,Ltd.;China
http://www.bellissimobaby.co.za/;Bellissimo Baby;SouthAfrica
http://www.bergerregina.at/;BERGER Regina Nahstube;Austria
http://www.bijouteriacharme.com.br;BIJU CHARME;Brazil
http://www.biluteteia.com.br;BILU TETEIA;Brazil
http://www.blazelead.com/;Foshan Gold Companion Technology;China
http://www.blingblingbaby.co.uk/;Bling Bling Baby;UK
http://www.bocajkids.com/;Bocaj Kids;Canada
http://www.boldwell.com.hk/;Bold Well Industrial Ltd.;HongKong
http://www.booklandindonesia.com/;Bookland Indonesia;Indonesia
http://www.boyutahSap.com.tr;Alegno Bebe;Turkey
http://www.br.tommy.com;TOMMY HILFIGER;Brazil
http://www.brendajuiceplus.com/;Juice Plus;Canada
http://www.buchhandlungfrick.at/;Bookstore Frick GmbH;Austria
http://www.buddzz.in/;Plastech International Pvt. Ltd.;India
http://www.bulicca.com/;BULICCA;Turkey
http://www.bunnyandclyde.co.za/;Bunny & Clyde;SouthAfrica
http://www.burkechiropractic.com/;Burke Chiropractic Center;USA
http://www.carnivalworld.co.kr;Carnival World Ko-Lanka Pvt. Ltd.;SriLanka
http://www.cctoy.com.tw/;Ching Ching Trading Co.;Taiwan
http://www.cefrikids.com/;Cefri;Turkey
http://www.cemixkids.com;Cemix Kids Wear;Turkey
http://www.charlotteauxfraises.fr/;CHARLOTTE AUX FRAISES;France
http://www.chatmechant.be/;CHAT MECHANT;Belgium
http://www.chbaby.cn/;Zhejiang CH BABY Co Ltd;China
http://www.cheerybaby.net;Cherry Baby;Turkey
http://www.chi-luen.com.hk/;Chi Luen (Hong Kong) Co., Ltd;HongKong
http://www.childsafecanada.ca/;AIL CANADA;Canada
http://www.china-wa.com;Jincheng Wood Industry Co Lt;China
http://www.cinnamonsue.co.uk/;Cinnamon Sue baby & toddler;UK
http://www.citystorkonline.com/;City stork online;USA
http://www.clevercubes.com/;Clever Cubes;India
http://www.closertonaturebaby.com.au/;Closer to Nature;Australia
http://www.cnhjbb.com/;Shandong Tengzhou Gongxini Baby ProductsCo., Ltd.;China
http://www.cocoland.com.tr/;Cocoland;Turkey
http://www.comebuy.com/;Combuy;HongKong
http://www.conceptionshowroom.com/;Conception Showroom;USA
http://www.contenttoys.com/;Content Toys Limited;HongKong
http://www.cosycub.ie/;Cosycub;Ireland
http://www.cover-babies.co.uk/;Cover Babies;UK
http://www.craetivekidsbeds.co.za/;Creative Kids Beds;SouthAfrica
http://www.craneair.co.za/;Crane;SouthAfrica
http://www.crazychameleonfurniture.co.za/;Crazy Chameleon Furniture;SouthAfrica
http://www.creatfun.com/;Creative Fun Limited;HongKong
http://www.creativshoponline.com/;CreativShopOnline.com Jorg KlГјsener;Germany
http://www.crochetcreationsandmore.com/;RaLi Crochet Creations;SouthAfrica
http://www.cti-globalcert.com/;Centre Testing International (Hong Kong) Co., Limited;China
http://www.cungurbebe.com/;CUNGUR BEBE;Turkey
http://www.cushietushies.com.au/;Cushie Tushies Modern Cloth Nappies;Australia
http://www.cyclotruc.fr/;CYCLOTRUC;France
http://www.cyi.net/;CAN YOU IMAGINE;USA
http://www.dasholzpuzzle.at/;The wooden puzzle;Austria
http://www.denblaaballon.dk/;The Blue Balloon;Denmark
http://www.designerbearboutique.com/;Designer Bear Boutique;UK
http://www.dgearising.com;Mtbaby Motherandbaby Product Hk Co.,Limited;HongKong
http://www.die-farbenzauberin.de/;The colors Sorceress;Germany
http://www.digotoys.com/;Digo Toys Industrial Co., Ltd.;HongKong
http://www.diigen.com/;GUANGZHOU LIDUO LEATHER CO.,LTD;China
http://www.dinosaurdistrict.com.au/;DINOSAUR DISTRICT;Australia
http://www.doctorsmiths.com/;Doctorsmiths;USA
http://www.dovepromotionsltd.co.uk/;Dove Promotions;UK
http://www.dpplastoworld.in/;Cybershop Marketing Pvt. Ltd.;India
http://www.dthfoods.ca/;Direct to Home Grocery;Canada
http://www.dwinguler.me/;Dwinguler;Germany
http://www.dynamicscirntific.com/;Dynamic Scientific Ltd.;China
http://www.eagleintltd.hk;Honorich China Hk Limited;HongKong
http://www.ebschmuck.at/;Ebschmuck;Austria
http://www.eczacibasihijyen.com;EczacibaSi Hijyen UrUnleri;Turkey
http://www.edispackaging.in/;EDIS Publishing and Promotional Packaging Pvt.,Ltd.;India
http://www.en.anteprima.com/;Anteprima Brands International Limited;China
http://www.en.tzshengyuan.com/;TENGZHOU SHENGYUAN WOODEN PRODUCT CO., LTD;China
http://www.en.weifengchina.com/;Ningbo Weifeng Image Equipment Group Co., Ltd.;China
http://www.enjoystaitonery.com.cn;Ningbo Haishu Anlong Stationery Co. Ltd.;
http://www.esairsoftgun.com/;Everstar Industrial Co.;China
http://www.esenciakids.dk/;Esencia;Denmark
http://www.estujayanthi.com/;Estu Jayanti;Indonesia
http://www.eva.com/;Eva Co.;HongKong
https://www.eveshine.com.hk;Evershine Plastic Products Ltd.;
http://www.evrebisiklet.com;Evre Bisiklet San. Ve DiS Tic. A.S.;Turkey
http://www.extremegroup.org.in/;Shanghai Haizile Ride-on Factory;China
http://www.ezsqueezees.com/;EZ Squeezees;SouthAfrica
http://www.famousfunfactory.co.za;FAMOUS FUN FACTORY;SouthAfrica
http://www.famousfunfactory.com/;Famous Fun Factory;SouthAfrica
http://www.fancyfaceshamilton.com/;LAURA DOROTHIE'S FANCY FACES & MATERNITY BELLY PAINTING;Canada
http://www.fantasycreations.net/;Fantasy Kids Creations;SouthAfrica
http://www.feidamodel.com;Feida Toysandcrafts Product Co., Limited;HongKong
http://www.fhhaiyuan.com/;Fenghua Haiyuan Travel Products Co., Ltd.;China
http://www.flowerpowerbabies.com/;FLOWER POWER BABIES;Canada
http://www.frankiesthreads.com/;Frankies Threads;UK
http://www.franzstadlhofer.at/;Schnitzstube Stadlhofer;Austria
http://www.freeda.com.tw;Freeda Moore Ind. Co., Ltd.;Taiwan
https://www.freetime4kidz.com;Freetime International (Hong Kong) Limited;
http://www.friendly-africa.co.za/;FRIENDLY AFRICA;SouthAfrica
http://www.fullofbeansforbabies.com/;Full of Beans for Babies;SouthAfrica
http://www.funtimetoys.cn;Funtime Cixi Baby Products Co., Ltd.;China
http://www.g-robot.com;Feilida Trading Co., Ltd.;HongKong
http://www.getjeans.com.br;GET JEANS;Brazil
http://www.glambaby.co.za/;Glam Baby;SouthAfrica
http://www.gm-hobby.com;Taizhou Gongmei Gifts Co.,Ltd;China
http://www.goldenmoebelpflege.com/;Golden Mobelpflege Christine;Germany
http://www.goodballsports.com/;Good Ball Sporting Goods Co., Ltd.;Taiwan
http://www.goodmiraitoys.com/;Good Mirai Toys Co., Ltd.;Cambodia
http://www.goodwoodcph.com/;GOODWOOD // CPH;Denmark
http://www.greendoorstayandplay.ca/;Green Door Stay & Play;Canada
http://www.grossbabyonline.com;Gross Baby;Turkey
http://www.grovia.net.au/;Grovia;Australia
http://www.gzprodigy.com.cn;Guangzhou Prodigy Daily-Production Co., Ltd.;China
http://www.gzsealand.com/;Guangzhou SeaLand Toys Co., Ltd.;China
http://www.h-ftoys.net;Great Victory Resources Company Limited;HongKong
http://www.haltho.com;Haltho;Austria
http://www.handarbeitenchristian.at/;Needlework  Sewing A. Christian;Austria
http://www.handycie.fr/;HANDY & CIE;France
http://www.hangzhou-mambobaby.en.ywsp.com/;Hangzhou Mambobaby Co., Ltd.;China
http://www.happykinhappykin.com;Happy Kin Toys Ltd;HongKong
http://www.haucktoys.de/;Hauck Toys For Kids;Germany
http://www.hcsc.gc.ca/;Health Canada Product Safety;Canada
http://www.heartlandparenting.com/;Heartland Parenting LLC;USA
http://www.henasiatoys.info/;Henasia Toys Ltd.;HongKong
http://www.hoo-hoo.co.za/;Hoo-Hoo Baby Products;SouthAfrica
http://www.houseofkids.com.sg/;House of Kids;Belgium
http://www.hrithikatoys.com/;Hrithika Toys Private Limited;India
http://www.hsw.ie/;HSW;Ireland
http://www.httoys.com;Heep Tung Manufactory Ltd;HongKong
http://www.hzyihao.net;Hangzhou Yihao Import And Export Co., Ltd.;China
http://www.icubetrade.com/;ICUBE TRADE;SouthAfrica
http://www.idigdenim.se/;I dig denim;Sweden
http://www.idproducts.co.za/;INNOVATIVE DESIGNS;SouthAfrica
http://www.iholdontoys.com;Ihold On Technology Limited;HongKong
https://www.iims.com.kr;Hae Min Ind. Co. Ltd.;
http://www.im-baby.co;Im Baby Supply Chain Management Company Limited;HongKong
http://www.imsevimse.com.au/;IMSEVIMSE AUSTRALIA;Australia
http://www.incikids.com/;Inci Kids;Turkey
http://www.innoboon.com.hk/;Innoboon International Limited;HongKong
http://www.internationalfurniturewholesale.com.au/;Kunshan Youtong Children Products Co., Ltd.;China
http://www.ishifttoys.com;Ishift Technology Limited;USA
http://www.ithermonitor.co.za/;iThermonitor;SouthAfrica
http://www.ivylux.ca;IVY LUX BEAUTY;Canada
http://www.jamberrynails.net;Jamberry Nails;USA
http://www.jamieberube.com/;Jamie Berube Remax Escarpment;Canada
http://www.janescupcakes.co.uk/;Jane Cupcake;UK
http://www.jgworks.hk;Fujian Fuxing Industry Paintball Marker Company Limited;China
http://www.jinxingtoys.com/;Shantou Jinxing Plastics Toys Factory;China
http://www.jojokonjacsponge.com;Jojo Konjac Sponge;Indonesia
http://www.jonapak.com/;Jona Pak Limited;HongKong
https://www.joyforess.com;HongKong Joy Fortress Co. Limited;
http://www.jpower.hk/;J-Power Group Co.,Ltd.;HongKong
http://www.julesandmilly.co.za/;Jules&Milly Practical Products CC;SouthAfrica
http://www.jwdwah.com;Cec Jwd Trading Hk Company Limited;HongKong
http://www.kaisiyang.com;Ningbo Kaisiyang Impandexp Co.,Ltd;China
http://www.kamir.co.uk/;KAMIR Baby&Kids Clothing;UK
http://www.kanglegroup.com.cn/;Zhejiang Kangle Culture Development Co., Ltd;China
http://www.karlok.com.hk/;Kar Lok Toys Manufacturing Ltd.;HongKong
http://www.karlok.com.hk;Kar Lok Toys Manufacturing Ltd;HongKong
http://www.kastlreiter.at/;Kastl + Reiter BeteiligungsGmbH;Austria
http://www.kayacantekstil.com/;Kayacan Tekstil Ve Konfeksiyon San.Tic.Ltd.Sti.;Turkey
http://www.keramikmo.at/;Keramika Kaja Zupe;Austria
http://www.khannaandsons.com/;K H Toymaxx Pvt. Ltd.;India
http://www.kiaktoy.com;Keak Toys Thailand Company Limited;Thailand
http://www.kidsbud.cebiz.cn;Shenzhen Kids & Bud Industries Co. Ltd.;
http://www.kidsro.net;Kidsro Tekstil San.Ve Tic.Ltd.Sti.;Turkey
http://www.kidsscooter.com;Yongkang Tingjin Sport Leisure Articles Co., Ltd.;
http://www.kingofstrass.com/;King of Strass by BOES FASHION;Germany
http://www.kisung.com/;Kisung Industrial Co.;SouthKorea
http://www.klappekage.dk/;Folding Cake;Denmark
http://www.kloeppelverein.at/;Club Kloppeln u. Top textile art .;Austria
http://www.koolkidzindia.com/;Kool Kidz Products Limited;India
http://www.kristinsgiftsstore.com/;Kristins Gifts Inc;USA
http://www.laffaire.co.za;L'affaire Bambino;SouthAfrica
http://www.land-surfer.com;Land Surfer Sports Co., Ltd.;China
http://www.lanstin.com.tw/;Lanstin Enterprise Co., Ltd.;Taiwan
http://www.laserinc.co.za/;LASER INC;SouthAfrica
http://www.lassig.com.au;Lassig Nappy Bags;Australia
http://www.leggenvy.com/;Legg Envy;Canada
http://www.leimengtoys.com/;Shantou Chenghai District Jinjiang Toys Industry Co.,Ltd;China
http://www.lidesigns.ca/;L.I. Design;Canada
http://www.lidingcraft.com;Ningbo Yinzhou Liding Craft Industrialandtrading Company Limited;China
http://www.lidingcraft.com;Ningbo Haishu Liding Craft Industrial & Trading Co. Ltd.;
http://www.lifeideas.com.cn;Life Ideas Company Limited;China
http://www.lilyandava.com/;Lily and Ava;Australia
http://www.lindissima.com.tr/;Lidiya Ostafiychuk Lindissima Tekstil Tasarim;Turkey
http://www.lindsaymitchell.scendy.ca/;Scentsy;Canada
http://www.lineblock.co.kr/;D&Tech Co.;SouthKorea
http://www.littlegifts.ie;Little Gifts Ltd;Ireland
http://www.littlelabels.co.za;aden + anais;SouthAfrica
http://www.littlepoppets.co.nz/;Little Poppets;NewZealand
http://www.littlepoppetsuk.co.uk/;Little Poppets & Co;UK
http://www.lobsterbaby.co.za/;Lobster Baby Mei Tai Carriers;SouthAfrica
http://www.longevitywellness.ca/;Longevity Wellness;Canada
http://www.loongka.com/;Loong Ka (H.K.) Industries Limited;HongKong
http://www.lorenztoys.com.hk/;Lorenz International Co., Ltd.;HongKong
http://lotties.de/;Lotties GmbH & Co. KG;Germany
http://www.loverawskincare.com/;LOVE RAW SKIN CARE;Canada
http://www.lucindarose.co.uk/;Lulu ? A Parent s Fairy Godmother;UK
http://www.lulubeetreasures.com/;Lulubee Treasures;Canada
http://www.m.en.kengtaidg.com/;Dongguan Kengtai Trading Co.,Ltd.;China
http://www.mackzacktoys.com/;Mack & Zack Toys Limited;HongKong
http://www.magicbeads.nl/;Magic Beads BV;Netherlands
http://www.mamamia-spa.com/;Mamamia Spa;Indonesia
http://www.masentoys.com;Shantou Chenghai Anlily Toys Factory;
http://www.meamama.co.za;Me-a-Mama;SouthAfrica
http://www.meigaotoys.net;Hong Kong Meigao Plastic Products Co., Limited;HongKong
http://www.message.jungbo.net/;Korea Pavilion ;SouthKorea
http://www.metx.in;Meteoric Experiences;India
http://www.mias-handarbeit.com/;Neureiter Elisabeth;Austria
http://www.milkysnugz.co.uk/;Milkysnugz;UK
http://www.mindwealth.in/;MIND-WEALTH;India
http://www.misselitte.com.tr/;Miss Elite - Rifat Cakar;Turkey
http://www.misssemoda.com;B-Mart Tekstil Sanayi Ve Tic.Ltd.Sti.;Turkey
http://www.mojo4moms.co.za/;Mojo4Moms;SouthAfrica
http://www.momsandbabes.ca/;Moms & Babes,;Canada
http://www.momsyourside.com/;Moms Yourside;Indonesia
http://www.motherscorn.com.au/;MOTHERвЂ™S CORNA;Australia
http://www.mulbartoncf.co.za;Netcare Mulbarton Hospital;SouthAfrica
http://www.munchmitt.ca/;MUNCH MITT;Canada
http://www.my-babycollection.com;My Collection;Turkey
http://www.mypetitboutique.com;PETIT BOUTIQUE;SouthAfrica
http://www.myproducts.com.hk/;MY Products Limited;HongKong
http://www.naturallybaby.co.za/;NATURALLY BABY;SouthAfrica
http://www.nbte.com.cn;Ningbo Swan Sports Appliance Manufacturing Co., Ltd;China
http://www.nbwinfun.com;Ningbo Win Fun Trading Co., Ltd;China
http://www.nesi.in;NESI;SouthAfrica
http://www.newbornfairytales.com/;Newborn Fairy Tales Photography;Canada
http://www.newmoderntoys.com;New Modern International Trading Co;HongKong
http://www.nonaka-world.co;Nonaka Works Co Ltd;Japan
http://www.norlie.dk/;Norlie;Denmark
http://www.novaharley.co.za;Nova Harley Baby Bags;SouthAfrica
http://www.numum.com/;Numum;UK
http://www.onclor.com/;Shenzhen Semxi Electronic Technology Co.,Ltd.;China
http://www.onlykidz.in/;Only Kidz Impex Pvt. Ltd.;India
http://www.oobabies.com/;OOBABIES;UK
http://www.optibabyeaglecanyon.co.za/;Opti-Baby And Kids Eagle Canyon;SouthAfrica
http://www.oralhealthalberta.ca;Alberta Dental Association and College,;Canada
http://www.origamigraz.at/;Origami.graz origami;Austria
http://www.overboardclothing.co.za/;Overboard Clothing;SouthAfrica
http://www.parentsindonesia.com/;Parents Indonesia;Indonesia
http://www.parentsinthepark.com/;PARENTS IN THE PARK вЂ“ MUMS FITNESS;Australia
http://www.patentgenius.com;Dongguan Crown Shin Baby Appliances Co.,Ltd.;China
http://www.peachy-products.com/;PEACHY PRODUCTS;SouthAfrica
http://www.penkethmodelrailways.com/;Penketh Model Rail Centre;UK
http://www.petitboutique.co.za;Petit Boutique;SouthAfrica
http://www.playmaxindia.com;Play Max India;India
http://www.pognaeindo.com/;Pognae;Indonesia
http://www.potette.co.za/;Artemis Brands Pty Ltd - Potette;SouthAfrica
http://www.preggieperfect.co.za;Cherry Melon Maternity Wear;SouthAfrica
http://www.progressivenutrional.com/;PROGRESSIVE NUTRITIONAL;Canada
http://www.qile-toy.com/;JiangsuВ QileВ ToysВ Co.,В Ltd.;China
http://www.rashmitoys.com/;Rashmi Toys;India
http://www.recessshowroom.com/;Recess Showroom;USA
http://www.regentoreiental.com/;Regent Oriental Industrial Ltd.;HongKong
http://www.rendezvous-group.com;RENDEZ-VOUS CO.,LTD;China
http://www.ricochet.com.hk/;Worldlink Equestrian Products Co., Ltd.;HongKong
http://www.robotrixworld.com/;Robotrix Technologies LLP.;India
http://www.runlongtoys.com;Runlong Toys Factory;China
http://www.save21.co.uk/;Save21;UK
https://www.savvi.com/;SAVVi;USA
http://www.search.gmdu.net;Xinxiang City Rising Copper Co., Ltd;China
http://www.shelleyeaglephotography.co.za/;Shelley Eagle Photography;SouthAfrica
http://www.shnookisheet.com.au/;Shnooki;Australia
http://www.shopartfactory.com/;ART Factory (A division of JJ Imprints);India
http://www.shopprekids.com/;Rebecca Ebershoff;USA
http://www.smartkleanontario.com;SMARTKLEAN;Canada
http://www.smarttoystrade.com/;Smart Toys;India
http://www.smartzonehk.com/;Smart Zone (HK) Limited;HongKong
http://www.smilyrainbow.com/;Smily Rainbow;Denmark
http://www.soccertotscalgary.com;SoccerTots Calgary,;Canada
http://www.southmetrotraining.com/;Babywearing IntвЂ™l of South Metro Minneapolis;USA
http://www.springerpinsel.de/;Springer Pinsel GmbH;Germany
http://www.stephanie-leanne.co.uk/;Stephanie-Leanne;UK
http://www.stock25.com.br;STOCK 25;Brazil
http://www.stolanursingwear.com/;STOLA;Canada
http://www.strettonmodels.co.uk/;Stretton Models;UK
http://www.sunnylove.hk/;Zhuhai Sunnylove Daily Products Co., Ltd.;China
http://www.sweetpima.com.au/;SWEET PIMA NATURAL BABY CLOTHES;Australia
http://www.taishun-laser.com/;Wuhan Taishun Laser Equipment Co.,Ltd.;China
http://www.takata.com/;Takata ?Shanghai?Automotive Component Co., Ltd.;China
http://www.tamela.cn/;Ningbo New World Imp. & Exp. Co., Ltd.;China
http://www.teddybearshome.com/;Teddy Bears Home;UK
http://www.tfhandelsagentur.de/;TF Handelsagentur Spruce;Germany
http://www.thebeanpad.com/;Bean Bibs;Canada
http://www.thebridgedirect.com/;The Bridge Direct;USA
http://www.thegoodiegallery.ie/;Thegoodgallery;Ireland
http://www.themezonly.com/;Buena Ventura;India
http://www.themunchkinpatch.ca/;Munchkin Patch, The,;Canada
http://www.thenakedtank.com/;THE NAKED NURSING TANK;Canada
http://www.theportablehighchair.com.au/;CIAO! BABYE;Australia
http://www.timecrown.com/;Time Crown Clock UK Co., Ltd.;UK
http://www.tobil.com.au/;ICANDYC;Australia
http://www.toddlerswarehouse.co.za/;Toddler and Kids Warehouse;SouthAfrica
http://www.townephotography;Towne Photography;USA
http://www.toy-mall.com.tw/;ABL Innovation Co., Ltd.;China
http://www.toyhobbyrc.com;Kidsrock Limited;HongKong
http://www.toyhouse.com.hk;Perfect Toys International Co Ltd;HongKong
http://www.toys-china-nb.com;Ningbo Cakoo Trade Co., Ltd.;China
http://www.toyworldtoys.com/;Toyworld Toys Co Ltd;HongKong
http://www.trichem.at/;TriChem Products Herglotz Gabriela;Austria
http://www.tuvan.in/;Tuvan Enterprises LLP;India
http://www.twinkletoesphotography.co.za/;TwinkleToesPhotography;SouthAfrica
http://www.ubabystore.co.au/;UBaby Pty Ltd;Australia
http://www.usa.plantoys.com;PlanToys, Inc.;USA
http://www.venarttem.com/;Venart Tem Ceramic Studio;Bulgaria
http://www.vitalbaby.co.uk/;Vital Baby;UK
http://www.vrsaopaulo.com.br/;VR KIDS;Brazil
http://www.way-broad.com/;Waybroad trade co., ltd ;China
http://www.webshop.falck.dk/;Falck Denmark;Denmark
http://www.weepiggies.com;Wee Piggies & Paws;Canada
http://www.wenwen.soso.com/;Leshan Opel Dragon Children Products Co.,Ltd.;China
http://www.whileyouwait.dk/;While You Wait;Denmark
http://www.willowtreekids.com.au/;Willow Tree Kids;Australia
http://www.winfunusa.com/;Winfun, USA;USA
https://www.winning-moves.co.in/;Winning Moves Toys and Games Pvt. Ltd.;India
http://www.winstarmodelling.com/;Winstar Aeromodelling Toys;India
http://www.wrigglymonkey.co.za;wriggly monkey;SouthAfrica
https://www.WWW.DAHANTEXTILE.COM;Hebei Dahan Textile Products Co. Ltd.;
http://www.Www.theanimers.com;Over-N-Over;USA
http://www.xihebaby.com/;Ningbo Xihe Children Products Co., Ltd.;China
http://www.xingtai-hengpeng.en.ywsp.com/;Xingtai Hengpeng Bicycle Industry Co., Ltd.;China
http://www.xingtai-tianda.en.ywsp.com/;Xingtai Tianda Bicycle Co.,Ltd.;China
http://www.yamatoya.com.sg/;Yamatoya;Singapore
http://www.yell-world.jp/;Yell Co. Ltd.;
http://www.yickwah.com.hk/;Yick Wah Plastic Factory Limited;HongKong
https://www.yickwah.com.hk;Yick Wah Plastic Factory Limited;
http://www.yksunshine.com/;Yongkang Yuantai leisure products factory ;China
http://www.yospequeninos.com.br;YOS PEQUENINOS;Brazil
http://www.yotoy.cn/;Poshan City Yotoy Trading Co., Ltd.;China
http://www.youbaobabyseat.com/;NINGBO YOUBAO CHILDRENS PRODUCTS CO.,LTD;China
http://www.yourcreativelocket.com/;YOUR CREATIVE LOCKET;Canada
https://www.yuemao.net;Yue Mao (HK) Ltd.;
http://www.yuentai.com.hk/;Yuen Tai Industrial Limited;HongKong
http://www.yuzhou.oemol.com/;Yu Zhou vehicle industry Co., Ltd.;China
http://www.zeniasverden.dk/;Zenia's world;Denmark
http://www.zhenzing.com;Ready Lighting Co., Ltd;Taiwan
http://www.zing-china.com/;Shanghai Zing Trade Co., Ltd.;China
http://www.zingtoys.com;Zing;HongKong
http://wwww.nickyrosekids.com/;Nicky Rose Kids;USA
https://www.678toy.com;HK Six Seven Eight International Technology Share Limited;
http://www.ai-qian.com;Quanzhou Aiqian Electronic Technology Co., Ltd.;China
https://www.asiainflatable.com;Taizhou Kingdom Toys & Gifts Co. Ltd.;
https://www.avenirfuture.com;Hangzhou Avenir Stationery Corp. Ltd.;
http://www.babiesncream.com/;Babies 'n Cream;SouthAfrica
https://www.bluebeetoys.com;Shantou Bluebee Toys Co. Ltd.;
https://www.build-key.com;Build Key Manufactory Co. Ltd.;
http://www.calgarypubliclibrary.com/;Calgary Public Library,;Canada
http://www.colief.com;colief.;USA
https://www.fanssi.com;Dongguan Fanssi Toys Co. Ltd.;
http://www.fanssi.com/;Fanssi Products Ltd.;China
https://www.hflions.com;Hefei Lions Stationery Co. Ltd.;
https://www.innovativetoys.com.cn;Innovative (Group) Limited;
http://www.jiaqishi.cn/;Yongjia Jiaqishi Toys Co., Ltd.;China
https://www.jinyuandatoys.com;Shantou Jinyuanda Crafts Co. Ltd.;
http://www.lesmamans.fr/;lesmamans.Fr;France
https://www.mingbotoys.com;Shantou Mingbo Toys Co. Limited;
https://www.monbesttoys.com;Mon. Best Toys Co. Limited;
http://www.mytupperware.ca/;Superb Tupperware;Canada
https://www.ocie.cn;Ocie International Company Limited;
https://www.singyourname.com/;Sing Your Name;USA
https://www.szgaohao.com;Honest Glory Industrial Limited;
https://www.tairuntoys.com.cn;Qingdao Tairun Toys Co. Ltd.;
https://www.ubeaut-cm.com;Union Beaut Creative Marketing Co. Ltd.;
https://www.zhtoys.net;Zhenhua Toys Trading Company Limited;
https://www.zqtoy.com;Dongguan Zhengqi Toys Co. Ltd.;
https://www.brilliantglobal.com.hk;Brilliant Global Int'l Limited;
https://www.odylongkart.cn;Placom (Qingdao) Arts & Crafts Co. Ltd.;
https://www.tianwa.cc;Wenzhou Tianwa Stationery Co. Ltd.;
https://www.treetoys.com;Tree Toys Corp. (Getta 1 Games);
https://www.yiwuzj.com;Yiwu Jiaxuan Jewelry Co. Ltd.;
https://www.yuanmutoy.com;Xintai Yuanmu Toy Co. Ltd.;
http://aikawa.ca/;Aikawa;Germany
http://www.bangbangcph.dk/;BANGBANG COPENHAGEN;Denmark
http://www.beauticontrol.com/;BeautiControl;USA
http://bibaby.com.tr;Akdem Magazacilik Tic.Ltd.Sti,;Turkey
http://bornforbooks.com/;Usborne Books;UK
http://bossney.en.toysgu.com/;Shantou Chenghai Zhongxiong Hardware Plastic Factory;China
http://corporate.oregonscientific.com/;Oregon Scientific, Inc.;USA
http://www.baobaocn.en.gongchang.com/;Zhejiang Baobao Children Appliance Co., Ltd.;China
http://future.in/;Future Enterprise Limited;India
https://getroxo.com/;ROXO;USA
http://www.mapa-spontex.com/;MAPA Spontex Trading (Shanghai) Co.,Ltd.;China
http://littlebottlesofmagic.weebly.com/;Family Tree Acupuncture & Little Bottles of Magic;USA
http://littlemiraclescreations.weebly.com/;Little Miracle's Creations,;Canada
http://www.nicer.com.hk;Nicer Industrial Ltd;HongKong
http://nicer.weebly.com/;Nicer Enterprise Ltd.;HongKong
http://www.premierpediatricsny.com/;Premier pediatricsny;USA
http://pumpsformom.com/;Pumps For Mom;USA
http://tiggly.com/;Tiggly;USA
http://www.absorba.fr/;ABSORBA;France
http://www.abyy.com.cn/;Ningbo ABYY Car Accessories Co., Ltd.;China
http://www.adventuresoflittle.ca/;Adventures of Little,;Canada
http://www.albertahealthservices.ca/;;Canada
http://www.almallenas.com/;ALMA LLENAS BABY TRICOT;France
http://www.alviindia.com/;Alvi;India
http://www.asder.com/;Asder Co., Ltd;Taiwan
http://www.aussiewipes.com.au/;SIDS and Kids Red Nose Baby Wipes;Australia
http://www.awomansdesign.com/;A WomanвЂ™s Design, LLC.;USA
http://www.b2bface.com/;Nantong Eurofield ArtвЂs Toys Co.,Ltd.;China
http://www.babymoonllc.com/;Babymoon, LLC;Germany
http://www.babysmiles.com.au/;BABY SMILES;Australia
http://www.babystyle.co.uk/;Babystyle UK Ltd.;UK
http://www.bambinomio.co.za/;Bambino Mio;SouthAfrica
http://www.beamazingtoys.com;Be Amazing Toys;USA
http://www.beanersfuncuts.com/;Beaners Fun Cuts For Kids;USA
http://www.beautipage.ca;beautic control;Canada
http://www.bebesi.com.tr;Bebesi-Tuna Cocuk GereCleri A.S.;Turkey
https://www.bestree.com.hk;Bestree Industrial Limited;
https://www.bldtoys.com;BLD Toys Industrial Company Limited;
http://www.bras4mums.co.uk/;bras4mums;UK
http://www.braveling.co.uk/;BRAVELING;UK
http://www.bugalugbaby.com/;Bugalug,;Canada
http://www.bugbrush.co.uk/;BugBrush;UK
http://www.made4ubymejulieg.com/;Made4U Studio;USA
http://www.chenglu.net/;Ningbo Chenglu Paper Products Mfg Co., Ltd.;China
http://www.childresearchgroup.ca;CHILD Research Group - U of C,;Canada
https://www.chinaflysky.com;Fly Sky Artware Co. Ltd.;
http://www.chinafuturetoys.com;Qingdao Future Toys Co Ltd;China
http://www.ciccomponents.com.tw;Cic Components Ind Co Ltd;Taiwan
http://www.cnjinpeng.e.tradeee.com/;Yongkang Jinpeng Industry & Trade Co.,Ltd.;China
https://www.cntstoys.com;TS Import & Export Limited;
https://www.combuytoys.com;Combuy;
https://www.containpromo.com;Containpromo Manufacturing Ltd.;
http://www.creata.com/;Creata Promotion (USA) Inc.;USA
http://www.cstresp.com/;CST Consultants Inc;Canada
http://www.cuh.ie/;Cuh;Ireland
http://www.despasrayes.fr/;DesPasRayГ©s;France
http://www.diamondpersonnel.com/;Diamond Personnel, Inc;Canada
http://www.digby.com/;Digby;USA
http://www.diytoys.cn/;Ningbo DIY Industrial & Trading Co., Ltd.;China
http://www.dragontoyz.com/;Cangnan Kaldi Dragon Toy Co., LTD.;China
http://www.drilu.com.br;DRILU;Brazil
http://www.easywalker.nl/;Easywalker;Netherlands
http://www.ecodirect.com.au/;ECO DIRECT;Australia
http://www.endlessgames.com/;Endless Games;USA
http://www.esselcorp.com;Essel Marketingandpromotions Private Limited;HongKong
http://www.etoybest.com;Etoy Best Company Limited;Taiwan
http://www.family-trike.com/;PT. Jakarta Tunggal Citra;Indonesia
http://www.filadixon.com/;Beijing Fila Dixon Stationery Co.,Ltd;China
http://www.finumfinanzhaus.de/;Finum.Finanzhaus;Germany
http://www.flutterbybirth.com/;Flutterby Birth Services;USA
https://www.fun-i.net;Uanyi Living Products Co. Ltd.;
http://www.gainmor.com/;Shandong Gainmor International Co.,Ltd.;China
http://www.gaobie.com/;changzhou nanbo composite material co. ltd;China
https://www.giraffeandfriends.com/;Giraffe and Friends Life Ins.;USA
http://www.goffausa.com/;Goffa International Corp.;USA
http://www.goldentoyschina.com;Golden Toys (China) Limited;HongKong
http://www.halilitmusicaltoys.com;Halilit Export 1974 Ltd.;Israel
http://www.hartan.de/;Hartan;Germany
http://www.helpathome.co.za/;HELP AT HOME;SouthAfrica
http://www.hilifemarktech.com/;Hi-Life Marktech;India
http://www.hjwkids.com;Hjw Kids-Hilmi Dikel;Turkey
http://www.hobbycalcados.com.br;HOBBY;Brazil
http://www.hsltoys.com;Heshenglong Plastic Co., Limited;HongKong
http://www.huatengtoys.com;Shantou Huateng Toys Co. Ltd.;
http://www.hy-pro.co.uk;Hy-Pro International;UK
http://www.hypnobabiestwincities.com/;Hypnobabies Twin Cities;USA
http://www.hzgold.cc;Gold Orient International Limited;China
http://www.ilovegorgeous.co.uk/;ilovegorgeouS;UK
http://www.images4life.co.za/;Images4Life;SouthAfrica
http://www.jellyplanet.co.za;JELLY PLANET;SouthAfrica
http://www.jeux-festival.com/;FLIP;France
http://www.jingyuanmold.com/;Taizhou Huangyan Hantong plastic mould factory ;China
http://www.jinliuey.com/;Ningbo Jinliuey Children Products Co., Ltd.;China
http://www.joddybike.com/;Dino Bicycle Co.,Ltd.;China
http://www.joyparty.com/;Joy Party Co., Ltd.;China
http://www.joyrainbow.com;Joy Rainbow International Ltd;HongKong
http://www.jssy.com.hk/;Melon Limited;HongKong
https://www.karibubaby.com;Karibu Baby Limited;
https://www.keletoys.com;Shantou Kele Toys Co. Ltd.;
http://www.kidsandcompany.com/;CHILD Corporation Limited;Canada
https://www.kilomax-ball.com;Kilomax International Limited;
http://www.lbs-oberbayern.de/;LBS - Oberbayern West;Germany
http://www.lepao.com;Feng Ai Lin Industrial Co Ltd;Taiwan
http://www.liberty.co.za;Liberty Life;SouthAfrica
http://www.lieblingsstuecke.at/;Langgartner Antonia;Austria
http://www.linkedin.com/;;China
https://www.littlesindia.com/;Little's (India);India
https://www.lixintoy.com;Zhejiang Yunhe Lixin Art & Crafts Co. Ltd.;
http://www.lllofmndas.org/;La Leche League of Minnesota/Dakotas;USA
http://www.looneylabs.com;Looney Labs;USA
https://www.lotyetoys.com;Lotye Toys Company Limited;
http://www.lumbaplaymat.com;Lumba Playmat;Indonesia
http://www.maggietoys.com;Maggie Toys Global Hongkong Limited;HongKong
http://www.magicfx.ca/;MagicFX.ca,;Canada
http://www.majov.com.br;MAJOV;Brazil
http://www.mamaway.co.id/;Pt Mestika Persada Makmur;Indonesia
https://www.medicalserviceco.com/;Medical Service Company;USA
http://www.mindbodychiropractic.com/;Mind & Body Chiropractic;USA
https://www.nbshigaosports.com;Ningbo Baifi Import And Export Co. Ltd.;
http://www.noblecollection.com;The Noble Collection;USA
http://www.ntoys.com.hk;Ntoys Hk Industrial Company Limited;HongKong
http://www.oddervognen.dk/;Odder;Denmark
http://www.ohbabymagazine.com/;Oh Baby Magazine;NewZealand
http://www.orbitdownloader.com/;Orbit;UK
https://www.panley.com;Panley Paper Product Co. Ltd.;
http://www.play-craft.com;Play Craft Traders;India
http://www.playtoes.co.uk/;Playtoes;UK
http://www.playvisions.com/;PlayVisions Inc.;USA
http://www.pop3d.com.tw;Shanghai Pop 3D Co.,Ltd;Taiwan
http://www.primerica.com/;Primerica;USA
http://www.qdorient.com;Qingdao Orient Importandexport Co Ltd;China
http://www.regionshospital.com/;Regions Hospital;USA
http://www.retrowow.co.uk/;Retro Collectables;UK
http://www.revenewsales.com;Revenew Sales and Market Development, Inc.;USA
http://www.roanaacessorios.com.br;ROANA ACESSГ“RIOS;Brazil
https://www.sencotoys.com;Senco International Limited;
http://www.sewingplace.ca;Sewing Place,;Canada
http://www.sherileepresenger.com;Re/Max -В Sheri-Lee Consulting Inc.,;Canada
http://www.sherpakids.ca/;Calgary Childs Play;Canada
http://www.smallworldtoys.com;Small World Toys;USA
http://www.snpgz.com/;Sam & Partners Limited;China
https://www.softoyshk.com;Chang Hui Toys Co. Ltd.;
http://www.southbeachbubbles.com;South Beach Bubbles;USA
http://www.spiralmn.com/;SPIRAL Collective;USA
http://www.stkrunner.com/;Sticker Runner Industrial Limited;HongKong
http://www.stringsmarketing.in/;Strings Marketing Pvt. Ltd.;India
http://www.studio-white.ca;Studio White;Canada
https://www.sumex.com.cn;Stig Jiangsu Light & Textile Imp. & Exp. Company Limited;
http://www.swytculture.com/;SWYT Culture;USA
http://www.szabomaternity.com.au/;SZABO Maternity;Australia
http://www.techboy.com.cn;ZhongShan Techboy Electronic Technology Co.??Ltd;China
http://www.themammareturns.com/;The Mamma Returns;Canada
http://www.theraceway.co.uk/;Midland Model Raceways;UK
http://www.tiffanycanada.myarbonne.ca;Arbonne Canada - Tiffany Haugrud,;Canada
http://www.timeshk.com/;Times Trademark Industrial Co.;HongKong
https://www.tingtop.com.tw;Funcenter Sports Industrial Co. Ltd.;
http://www.ttll.dk/;TTLL Kids;Denmark
http://www.us.mamasandpapas.com/;Mamasand papas;USA
http://www.usbabyus.com/;US BABY CO LTD;USA
http://www.wendyscloset.com/;WendyвЂ™s Closet;USA
https://www.xgfeva.com;Dongguan Xinjifu Plastic Product Co. Ltd.;
http://www.xinaotoy.com;Xinao International Co. Ltd.;
http://www.xuelijia.com/;Shenzhen Xuelijia Educational Technology Co., Ltd.;China
http://www.yd-toys.com/;Gold Way Toys Manufactory;China
http://www.ydbicycle.com;Hangzhou Yongdi Bicycle Company Limited;China
https://www.yuetung.com.hk;Yue Tung Electronic Toys Ltd.;
http://www.zing.com/;Zing;USA
http://www.zippysharedj.com/;ZIPPY;Spain
https://www.zsxg.cn;Shantou John's Starlight Colorful Glass Co. Ltd.;
http://xingqi.en.toysgu.com/;Qi Xing Toys Factory;China
http://yihangbike.en.asiaproduct.net/;Handan Yihang Cycle Co., Ltd.;China
http://yourstoys.en.ec51.com/;Hangzhou Yours Toys Co., Ltd.;China
https://www.bupa.com.au;Bupa;Australia
https://www.ozsale.com.au;OZ SALE;Australia
http://www.stemlife.com.au/;Stemlife;Australia
http://www.hasbro.com/;;Australia
http://www.geelongweb.com.au/;S & L Global;Australia
http://www.tinytotstoyhire.com.au/;Tiny Tots Toy HirePlay Zone;Australia
http://www.cozydozee.com/;CONNECTING THREADS PTY LTD;Australia
http://www.deltapak.com.au/;AUSSIE WIPESH9;Australia
http://www.rogerarmstrong.com.au/;Baby Studio;Australia
http://www.dyson.com/;Dyson;Australia
http://www.recoveryshorts.com.au/;SRC POST PREGNANCY RECOVERY SHORTS;Australia
http://www.dyson.com.au/;Dyson;Australia
http://www.wollstadl.at/;Wollstadl Brigitte Bachofner;Austria
http://www.kirchert.com/;G. Kirchert trade in goods of all kinds;Austria
http://www.quilted.at/;Quilted Eu;Austria
http://www.kea.com.br;KEA / ALEKA;Brazil
http://www.directbuycalgary.com/;Direct Buy of Calgary,;Canada
http://www.eracademy.com/;EMERGENCY RESCUE ACADEMY INC.;Canada
http://www.calgaryfamilywellness.com/;Calgary Family Wellness;Canada
http://sleepbelt.ca/;SLEEPBELT;Canada
http://www.maepears.myepicure.com/;Epicure Selections - Mae Pears,;Canada
http://www.originalsartshoppe.ca/;Originals Art Shoppe;Canada
http://www.calgaryfamily.org;Nuture Yourself Program, Calgary Family Services - Charity of Choice,;Canada
http://www.globalresp.com/;Global RESP Corporation;Canada
http://www.pureeau.com/;Naturally Whipped Body Care by Pure E.A.U.;Canada
http://www.apnd.com/;ASSOCIATION OF PERINATAL NATUROPATHIC DOCTORS;Canada
http://www.taizhoulebeichisart.mfgpages.com/;Taizhou Lebei Childrens Articles Co., Ltd.;China
http://www.nanjuntoys.com/;Shantou Nanjun Toys Co.,Ltd;China
http://www.mktoys.com/;Shantou City Chenghai MK Toys Co., Ltd.;China
http://www.gytoys.com/;Zhejiang Yiwu Xing Bud Toys;China
http://www.evamat.com/;Eva Co.;China
http://www.pcqs-china.com/;Hebei Saile Tricycle Factory;China
http://www.pvctoy1688.com/;Dongguan Johnson Industrial Co., Ltd.;China
http://www.zqtoy.com;Dongguan Zhengqi Toys Co., Ltd;China
http://www.szdy.com/;Szdy Toys (HK) Co Limited;China
http://www.menshytoys.com;Guangdong Menshy Industries Group Company Limited;China
http://www.luckyboytoys.com/;Lucky Boy Toys Co., Ltd.;China
http://www.ahtoys.com/;A & H Toys (H.K.) Limited;China
https://support.bigcommerce.com/;Product categories;China
http://www.maizy.com/;Maizy Manufacturing Limited;China
http://www.royalsound.cn;Royalsound Music Instrument Manufacturer Co., Ltd;China
http://www.masterkidztoy.com/;Cheer Sky (China) Ltd.;China
http://www.funwheelstoys.com;Fun Wheels Toys Co., Ltd;China
http://www.sanjiatoys.cn/;Shantou Chenghai Sanjia Plastic Toys Factory;China
http://www.rainbow-toy.com;Rainbow Toys Yangzhou Co.,Ltd;China
http://www.mirageamusement.cn;Mirage Amusement Inc;China
http://www.kalee.com;Kalee Children S Products Co., Ltd. Quanzhou;China
http://www.birkeetoys.com;Jiangsu Jingjiang Hongtai Toys Co., Ltd.;China
http://www.fortunecd.com.cn/;Fortune Co.,Ltd.;China
http://www.creativeballsfactory.com/;Creative Balls Manufacturing Limited;China
http://www.hexintoys.com/;Zhejiang HeXin Toys Co., Ltd.;China
http://www.dearbebe.cn/;Ningbo Dearbebe Children Product Mfg Co.,Ltd.;China
http://www.teching.org;Guangzhou Teching Cultural Development Co., Ltd;China
http://www.beiwang.cn/;Zhejiang Beiwan toy company;China
http://www.beichibaby.com/;Ningbo Beichi Baby Products Co., Ltd.;China
http://www.chinasunnyland.com;Ningbo Haishu Advancingandrising Trading Co., Ltd;China
http://www.fireworkchina.com;Liuyang Firedragon Fireworks Co., Ltd.;China
http://www.zjaibeila.com;Pinghu Aibeila Children Product Co Ltd;China
http://www.chuanlang.com.cn/;Ningbo Chuanlang Industrial Co., Ltd.;China
http://www.nbxmr.com;Ningbo Xiaomuren Baby Articles Co Ltd;China
http://www.yizhantoy.com/;Yizhan Toys Factory;China
http://www.goodbaby.com/;Goodbaby Child Products Co., Ltd.;China
http://www.haoerxitoys.cn;Pinghu Haojiaer Vehicle Industry Co., Ltd.;China
http://www.bosokids.com;Ningbo Boso Kids Products Co., Ltd.;China
http://www.tcshubeile.com.cn/;ANHUI SHUBEILE CHILDREN PRODUCTS CO.,LTD.;China
http://www.mbcolors.com;Guangzhou Magi - Wap Culture Articles Co., Ltd.;China
http://www.tookytoy.com;Ningbo Tooky Toy Co Ltd;China
http://www.rachengda.com;Ruian City Chengda Machinery Co.,Ltd;China
http://www.cpbcf.com/;Cixi Qibo Children Products Co., Ltd.;China
http://www.geetoy.com;Geetoy Co., Ltd;China
http://www.inor.net.cn/;NINGBO INOR AUTOMOTIVE SAFETY SYSTEMS CO.LTD.;China
http://www.jhftoys.cn;Jin Hua Feng Toys;China
http://www.jeeton.com;Liuyang Dingten Fireworks Co. Ltd.;China
http://www.kidsfun.com;Ningbo Mytex Textile Company Limited;China
http://www.new-ray.com/;Dongguan popak new-ray manufacturing ltd.;China
http://www.nb-kbaby.com/;Ningbo Kangbao Childrens Products Co., Ltd.;China
http://www.ocie.cn;Guangdong Overseas Chinese Ocie Enterprises Co., Ltd.;China
http://www.pilotrc.com/;Shantou Lisan Toys Co., Ltd.;China
http://www.kalee.com/;Zaozhuang Aierte Children Products Co.,Ltd.;China
http://www.tianbenbicycle.com/;Hebei Zhiduobao Bicycle Industry Co., Ltd.;China
http://www.guoxintrade.com;Ningde Guoxin Trade Co., Ltd.;China
http://www.hyltoys.com;Huayulong Toys Factory;China
http://www.zsgaoya.com/;Zhongshan Gaoya Silicone Product Co., Ltd.;China
http://www.qihuitoys.com;Qihui Toys Ltd.;China
http://www.ham-ning.com;Ham-Ning Toys;China
http://www.valuebicycle.com/;Ningbo Value Bicycle Co., Ltd.;China
http://www.fengjiatoys.com/;Fengjia Toys Co.,Ltd;China
http://www.keyar.com/;Ningbo Keyar Co., Ltd.;China
http://www.dartontoys.com/;Shanghai Darton Toys Manufacturing Co,.Ltd;China
http://www.littlesunbaby.com/;Hubei Little Sun Baby Products Co., Ltd.;China
http://www.sunsunnyltd.com;Sun Fun Stationery Co.,Ltd;China
http://www.zunblock.com/;Zunblock;Denmark
http://www.melon.fi/;Melon Limited;Finland
http://www.memotep.com/;MEMOTEP;France
http://www.ffnatation.fr/;NATATION (FEDERATION FRANCAISE);France
http://www.joueclub.fr/;ANIMATION JOUE CLUB;France
http://www.bleucommegris.com/;BLEU COMME GRIS PARIS;France
http://www.urban-brand.de/;www.windeln.de - Urban-Brand GmbH;Germany
http://missmarvelous.de/;miss marvelous;Germany
http://www.bababing.com/;BabaBing! Ltd.;Germany
http://www.altabebe.com;Altabebe GmbH & Co.;Germany
http://www.hkecic.com;Hong Kong Export Credit Insurance Corporation;HongKong
http://www.hongkongdir.com/;Yasho Diam (HK) Ltd;HongKong
http://www.intexdevelopment.com;Intex Development Co Ltd;HongKong
http://www.wiltonbradley.com.hk/;Wilton Bradley (Hong Kong) Ltd.;HongKong
http://www.maxitronix.com;Maxitronix Enterprise Hk Limited;HongKong
http://www.vibo.com.hk/;Wellex Industries Ltd.;HongKong
http://www.yickfung.com.hk/;Yick Fung (Far East) Metal & Plastics Manufacturing Limited;HongKong
http://www.chungpak.com/;Chung Pak Battery Works Ltd;HongKong
http://www.rs-in.com;Redshift Industries Limited;HongKong
http://www.tinyin.com.hk/;Tin Yin International Company;HongKong
http://www.luckyboytoys.com;Lucky Boy Toys Co Limited;HongKong
http://www.idanceaudio.com;Idance Distribution Limited;HongKong
http://www.hooyick.com/;Hooyick Packaging Industrial Co., Ltd.;HongKong
http://www.kktoys.hk;K K Toys Co;HongKong
http://www.kintoy.com;Kintoy Die-Casting Manufactory Ltd;HongKong
http://www.hongkong.com/;Dboymodel (HK) Trading Ltd;HongKong
http://hksunrise.com/;Sunrise Industrial Co.;HongKong
http://www.hanghing888.net/;Hang Hing Productions Ltd.;HongKong
http://www.abcwig.com/;A.B.C. Wig Factory;HongKong
http://www.light-fantastik.com/;Funtime Gifts (HK) Limited;HongKong
http://www.lupshun.com.hk/;Lup Shun Metal & Plasticware Factory Ltd.;HongKong
http://www.ittl.com;Maxland International Enterprises Limited;HongKong
http://www.ctlhk.com/;Good Link International Trading Limited;HongKong
http://www.easemate.com;Easemate Manufactory Ltd.;HongKong
http://www.galaxyinnovate.com/;Galaxy Innovate Industrial Development Ltd.;HongKong
http://www.gns.com.hk/;G & S Co., Ltd.;HongKong
http://www.infinitirc.com;Infiniti Toys Co., Limited;HongKong
http://www.inflatables.cn;New Time Plastic Manufacturing Ltd;HongKong
http://www.ktoys.net;Kenneth Toys Importandexport Ltd;HongKong
http://www.mackzack-toys.com/;Mack & Zack Toys Limited;HongKong
http://www.lyonaeec.com.hk/;Lyon Aviation Eng. Equipment Co., Ltd.;HongKong
http://www.newforesttoy.com;New Forest Toys Industrial Limited;HongKong
http://www.kidzcorner.hk;King Marketing Limited;HongKong
http://www.vinnic.com;Chung Pak Battery Works Ltd;HongKong
http://www.lyonaeecplanes.com/;Lyon Aviation Eng. Equipment Co., Ltd.;HongKong
http://www.samtoys.com;Sammifish International Industrial Co., Limited;HongKong
http://www.circlethree.com.hk/;Circle Three Ltd.;HongKong
http://www.hktec.hk;Hong Kong Toys Exhibition Centre Limited;HongKong
http://www.gmpholdings.com;Global Manufacturing Partners Holdings Limited;HongKong
http://www.jiadatoys.com;Hongkong Jiada Electronic Technology Co., Ltd.;HongKong
http://www.hunghingtoys.com;Hung Hing Toys;HongKong
http://www.ootb.com.hk;Out Of The Blue Hong Kong Limited;HongKong
http://www.greatunionhk.com/;Great Union Development Company Limited;HongKong
http://www.leoplast.in/;Leo Plast;India
http://www.gbsports.in;G.B. SPORTS;India
http://www.samtex.co.in/;Samtex Exports Pvt. Ltd.;India
http://www.mothertouchbaby.com/;Intouch Industries;India
http://www.stickerbazaar.com;Make Mark Marketing Pvt. Ltd.;India
http://www.creativequotient.in/;Creative Quotient Gifting Pvt. Ltd.;India
http://www.modelart.co.in/;Creative Education;India
http://www.stic.in;Stic Pens Ltd.;India
http://www.sluban.in/;Sluban India, by Simon Trading Co.;India
http://www.chirantanenterprise.com/;Chirantan Enterprise;India
http://www.ap-boots.com/;Pt. Waru Gunung Industry;Indonesia
http://www.newrayusa.com;New-Ray Toys (California) Inc.;Japan
http://www.glassandart.jp/;GLASS AND ART;Japan
http://www.takaso.com/;Takaso Rubber Products Sdn.Bhd ;Malaysia
http://www.uniquegroupbd.com/;Unique Group BV;Netherlands
http://www.fairycaravan.co.za/;Fairy Caravan;SouthAfrica
http://www.greenkidstainless.com/;GreenKid Eco;SouthAfrica
http://www.kneepal.co.za;kneePAL;SouthAfrica
http://www.therific.co.za;Kiddy-Calm Bath Salts;SouthAfrica
http://www.amazing-creations.co.za/;Amazing Creations;SouthAfrica
http://www.babybananabrush.co.za/;BABY BANANA BRUSH AND SPRY;SouthAfrica
http://www.himalayastore.com;Himalaya;SouthAfrica
http://www.daelimtec.com/;DALIM ENTERPRISE;SouthKorea
http://www.justtoysint.com;Just Toys International;Spain
http://www.arion.co.kr/;Arion Technology Inc;SouthKorea
http://www.anive.se/;AnГЇve for the minors;Sweden
http://www.colorfulview.com.tw/;Colorful View Co., Ltd.;Taiwan
http://www.liennefoam.com;Lienne Foams Industrial Co Ltd;Taiwan
http://www.ariste.com.cn/;Ariste International Co., Ltd.;Taiwan
http://www.bestway-global.com/;Bestway Inflatables & Material Corp.;Taiwan
http://www.helicute.com;Lisan Toys Co., Ltd;Taiwan
http://www.bescobebek.com;Besco Bebek GereCleri DiS Tic.Ltd.Sti.;Turkey
http://www.misstrendykids.com;Miss Trendy Kids;Turkey
http://www.ozk.com.tr;Ozkan Cocuk Giyim Sanayi Ticaret Ltd.Sti.;Turkey
http://www.bektaybebe.com;Bektay Ayakkabi San.Ve Tic.Ltd.Sti;Turkey
http://www.ulusalelektronik.com;Ulusal Elektronik Tekstil San.Tic.A.S;Turkey
http://www.babypink.com.tr;Baby Pink;Turkey
http://www.gulbebe.com;BABY ROSE;Turkey
http://www.canarasbisiklet.com;Can Aras Cocuk Gerecleri;Turkey
http://www.arsbebek.com;Ars Bebek;Turkey
http://www.gjoyfulbears.com/;Be Joyful Bears;UK
http://www.loveyush.co.uk/;Loveyush London;UK
http://www.hornby.com/;Hornby Hobbies;UK
http://www.britax.com/;Britax;UK
http://www.peachywillows.co.uk/;Peachy Willows;UK
http://www.bibeematernity.com/;Bibee Dresses;UK
http://www.bumpkinbabies.com/;Bumpkins;UK
http://www.pamperedchef.biz/;Pampered Chef;USA
http://www.bloom.com/;Bloom;USA
http://redwagonbaby.com/;Red Wagon Baby;USA
http://mandalamidwiferycare.com/;Mandala Midwifery Care;USA
http://www.bestrideoncars.com;Best Ride on Cars;USA
http://www.thebeatrixgirls.com/;The Beatrix Girls / Popstar Club Inc.;USA
http://www.hotalinginc.com/;Hotaling Imports Inc;USA
http://www.insectlore.com;Insect Lore;USA
http://www.babiesrus.com/;Babies R Us;USA
http://www.thamesandkosmos.com;Thames & Kosmos LLC;USA
http://www.merchantambassador.com/;Merchant Ambassador (Holdings) Ltd.;USA
http://www.bluecocoonbaby.com/;Blue Cocoon;USA
http://www.hlcorp.com/;HL CORP (USA) ZOOM;USA
http://www.sportdesigninc.com/;Drybranch / Sport Design;USA
http://onefitmother.com/;Fit Mother, LLC;USA
http://www.health.state.mn.us/;;USA
http://www.auldeytoys.com/;Auldey Toys of North America;USA
http://www.fatbraintoyco.com;Fat Brain Toy Co.;USA
http://www.interactivetoy.com/;Interactive Toy Concepts Ltd.;USA
http://www.orbit-cs.com/;Orbit;USA
http://www.shaynamasinosales.com/;Shayna Masino Sales;USA
http://www.kasiaorganicsalon.com/;Kasia Organic Salon (FYI: Name will be changing);USA
http://www.hornbyamerica.com;Hornby Hobbies;USA
http://www.undergroundtoys.com/;Underground Toys;USA
http://www.mydoterra.com/;d?TERRA;USA
http://squeakyshoeboutique.com/;Squeaky Shoes;USA
http://www.aliciabphotography.com/;Alicia B Photography;USA
http://www.tutumommies.com/;Tutu Mommies;USA
http://www.sonny-toy.com;Nanjing Sonny Imp. & Exp. Co. Ltd.;
http://www.mktoys.com;Shantou City Chenghai Mk Toys Co Ltd;
https://www.donerland.co.kr;Donerland Co. Ltd.;
http://www.dartontoys.com;Shanghai Darton Toys Manufacturing Co., Ltd;
http://www.infinitirc.com;Infiniti Toys Co. Ltd.;
http://www.tookytoy.com;Ningbo Tooky Toy Co. Ltd.;
https://www.gruporev.com;Caretas Rev SA de CV;
http://www.hongfangtoys.com;Yancheng Hongfang Toys Co. Ltd.;
http://www.huaxigroup.com;Zhejiang Huaxi Industrialandtrade Co., Ltd.;
http://www.leedor.com.cn;Ningbo Leedor Industry Co. Ltd.;
http://www.yylco.com;YYL Co. Ltd.;
http://www.nanjuntoys.com;Shantou Nanjun Toys Company Limited;
http://www.sinovan.net;Guangdong Sinovan Culture Co. Ltd.;
http://www.sky-toy.com;Sky Toys Co. Ltd.;
http://www.goldbelgium.com/;GOLD;Belgium
http://ca.traditionalmedicinals.com/;TRADITIONAL MEDICINALS, INC.;Canada
http://www.harmonyandhands.com/;Harmony and Hands, Baby Signing Time;Canada
http://www.tentinyfingers.ca;Ten Tiny Fingers Family Photography,;Canada
http://www.sweetpeacanada.com/;;Canada
http://www.beanpad.com/;The Bean Pad;Canada
http://www.marykay.ca;Mary Kay Cosmetics;Canada
http://www.mi-toys.com/;Golden Horse Arts & Crafts Co., Ltd.;China
http://www.companies-hongkong.com/;FAIRY TALE FOREST FURNITURE CO;China
http://www.phyax.cc;Pinghu Qinyi Baby Products Factory;China
http://www.snoozy.com;Snoozy;Denmark
http://www.actukids.com/;ACTUKIDS;France
http://www.tf-handelsagentur.de/;TF Handelsagentur;Germany
http://www.chicco.de/;CHICCO Artsana Germany GmbH;Germany
http://www.creativ-shop-online.com/;Creativ-Shop-Online.com;Germany
http://www.samtbilder.de/;SAMTBILDER RSM HUNTER Hunter Silvia;Germany
http://www.b-wipes.de/;Bwipes;Germany
http://www.sansd.cn/;Fujian Sansd Rubber&Plastic Co.,Ltd;China
http://agafura.tradekorea.com;;Germany
http://www.hexalabs.hk;Hexa Labs Limited;HongKong
http://www.combuy.co.uk/;Combuy;HongKong
http://www.playful.gr;Mega Development Company Limited;HongKong
http://www.wellmax.com.hk/;Wellmax Trading Limited;HongKong
http://www.hurricanetoys.com;Hurricane Toys International Ltd;HongKong
http://www.jn-vicoinfant.com.hk/;Vico Manufacturing Company Limited;HongKong
http://www.jinbangtoys.com;Jin Bang International Trading Co.;HongKong
http://www.ibb-y.com/;Yancheng Baby Arts & Crafts Co., Ltd.;HongKong
http://www.mi-toys.com;Mi Toys International Limited;HongKong
http://www.babybelle.co.id/;Baby Belle;Indonesia
http://www.dilemma-games.com/;Dilemma Games Ltd.;Israel
http://www.dilemmagames.com;Dilemma Games Ltd;Israel
http://www.dilemmagames.com/;Dilemma Games Ltd.;Israel
http://www.stb-h.co.jp/;Stb Higuchi Co. Ltd;Japan
http://www.chayau.com/;Cha Yau Sponge Enterprise Co Ltd;Taiwan
http://www.etkitex.com;Cimpa Corap CamaSir San.Ve Tic.Ltd.Sti.;Turkey
http://www.babycorner.com;Baby Corner;Turkey
http://www.lollipoplane.co.uk/;Lollipop Baby Products;UK
http://www.bestbooksforchildren.co.uk/;Usborne Books at Home;UK
http://www.minutemanscalemodels.com/;D & H Scale Models;UK
http://kbjwholesale.com/;KBJ Handmade;USA
http://www.funko.com/;Funko Inc.;USA
http://www.mofas.org/;;USA
http://www.redwoodventures.com/;Redwood Ventures, Ltd.;USA
http://www.allthingsdiapers.com/;All Things Diapers;USA
http://www.randeesshowroom.com/;RandeeвЂ™s Showroom;USA
http://www.lionel.com/;LIONEL Trains;USA
http://www.goldentimecn.com;Ningbo GoldenTime Import & Export Co. Ltd.;
http://www.virtualstore.com/;Parks Toy (Thailand) Co., Ltd.;Thailand
